ProductID,Name,Description,CategoryID,UnitPrice,StockQuantity
1,Industrial Product,Represent third practice remember window lawyer. Statement and move.,1,25.02,630
2,Water Tanks,Ok worry least model other effect. Race develop service leave force recognize. Only decide already.,1,26.38,681
3,Water Tanks,"Safe call loss.
Per why almost.
Build tree tree early grow different. Keep top soldier.",1,91.18,534
4,Plumbing Product,Not difficult near church level no police. Thus before special bag. The ok fight alone tree.,3,52.19,416
5,Agricultural Product,Lose air research. Base line program fill soldier. Second sound common better note.,4,65.51,506
6,Agricultural Product,Current single add them couple middle. Again five report back evening draw. Their near score.,3,24.13,719
7,Cleaning Product,True how network what. Drug couple over. Window name leave direction fine.,2,21.1,134
8,Agricultural Product,Son wife later book nation. Financial space law question modern parent still while.,2,94.46,881
9,Water Tanks,Economy entire among meet lot quality white. Adult garden operation would benefit seven.,2,61.47,14
10,Cleaning Product,True gun member staff. Anything family top green already sing. My shake girl fall center.,2,72.49,876
11,Agricultural Product,Through else senior control less occur commercial tend. Compare north hotel level.,4,29.9,635
12,Plumbing Product,Few standard both head. Little idea manager term condition all story.,4,29.38,66
13,Industrial Product,Until student huge between raise.,4,17.83,379
14,Cleaning Product,Herself gun state kitchen even region. Southern seat under to describe beyond.,4,93.66,225
15,Cleaning Product,If home beyond when woman mother. Hair table turn response.,4,72.11,108
16,Plumbing Product,Better discuss require today sometimes. Upon hot power subject old cultural. Take data allow idea.,2,23.37,696
17,Industrial Product,Response wear today put much low mother. Individual institution rich.,3,29.88,217
18,Industrial Product,Air author set her Mrs and form.,4,71.0,916
19,Cleaning Product,Certainly crime money couple. International company off civil strong contain we.,3,19.19,202
20,Plumbing Product,Sea who clear friend expert guy station. Record bag assume. Employee these cover.,1,86.99,150
21,Industrial Product,Yes life keep significant throw. Board suggest item country benefit hour civil.,1,52.33,295
22,Plumbing Product,Time require grow various it civil service theory. Minute statement here.,3,37.97,522
23,Industrial Product,Heart actually service choice. Realize industry education glass various fall environmental.,2,94.52,300
24,Plumbing Product,Gun score appear carry TV. Nation teacher age chair order.,1,23.18,394
25,Water Tanks,Only national student consider debate produce.,2,78.21,741
26,Industrial Product,Language today nature research professor sign. Rest event great challenge move pattern her off.,2,83.92,248
27,Water Tanks,Necessary avoid seek white group stop. Peace break address manage.,4,75.36,291
28,SANITARY PRODUCT,Sell me hot popular.,4,37.67,980
29,Cleaning Product,Seven order music. Bar bank word whatever me speech where change. Growth support occur assume.,4,49.3,649
30,SANITARY PRODUCT,Agent hundred election. Blue best pattern even.,2,50.32,839
31,Water Tanks,Station home world audience.,3,80.44,851
32,Plumbing Product,Voice do town easy. Today cut doctor several nothing six.,3,14.48,972
33,Industrial Product,Require old born value bad good head. With trial ask structure option administration ability when.,4,80.19,415
34,Water Tanks,Sense body when officer toward third. Report character week local because forward.,2,54.65,841
35,Agricultural Product,They responsibility western make pull. Process message organization hotel what four room owner.,3,19.08,375
36,Plumbing Product,Exist PM hotel here. Tough into real. Word entire radio argue amount.,1,58.18,555
37,Cleaning Product,May group memory find hope treat war.,4,26.6,910
38,SANITARY PRODUCT,Clearly drug from forward. Loss movement born budget carry.,4,99.78,131
39,Agricultural Product,Care special early national five. Century method should.,1,34.49,18
40,Agricultural Product,All behavior learn above. Knowledge white agency street accept guy.,4,29.85,34
41,Industrial Product,Teach society success more short whatever quickly hit.,3,48.11,913
42,Plumbing Product,Financial president yes. Already almost southern us school line. Most exist born get.,3,14.84,351
43,Plumbing Product,Reality lay whether American. Shoulder wonder certain.,1,26.42,615
44,Industrial Product,Those artist option most able support image power. Republican theory know soldier blue.,4,33.05,173
45,Plumbing Product,Reduce edge pay act. Big movie guy since week very everything painting.,4,90.89,785
46,Industrial Product,Quite number executive fall. As challenge happen price technology find why.,1,77.07,177
47,SANITARY PRODUCT,Cold down she recently avoid yes may. Clearly health degree record.,3,20.7,238
48,Water Tanks,Remain special risk guess. Account hospital lose know white toward.,2,50.4,1
49,Cleaning Product,Game able star no your plan area. Reveal security community stand.,3,69.24,881
50,Water Tanks,Rather ok various truth apply before third. Determine media information south check.,2,43.33,169
51,Cleaning Product,Human significant yourself but. Stock carry clear.,1,73.63,909
52,Cleaning Product,At follow none.,2,43.19,162
53,Industrial Product,House century over. Though hold finally explain. Per official ask step along phone.,2,52.79,425
54,Plumbing Product,Environment author a expect light free. Live offer mind amount.,3,26.69,281
55,Agricultural Product,"How agree floor only. Home next owner activity white democratic expert.
Term shake Mr against.",3,73.25,274
56,Agricultural Product,Far only law event million ask.,3,70.32,505
57,Agricultural Product,Office all fly hard three. Nor PM nation speech why.,2,51.27,178
58,Cleaning Product,Certain room what improve. Week million very try listen skin most. Last weight east deal political.,4,44.57,100
59,SANITARY PRODUCT,Dinner bad reality country add. Never not line evening how chance leg.,3,41.4,923
60,Plumbing Product,Between human court alone.,2,30.87,13
61,Cleaning Product,Hot than foreign body green region price. Author wife range option yourself sense.,1,15.3,590
62,Water Tanks,Style produce test relate close road include. Recognize day hand local blue per including.,2,28.3,177
63,Industrial Product,Poor step great person least. Court give over consumer girl.,3,58.11,385
64,Plumbing Product,Degree fund fire building center use article save. Than factor scientist close force.,2,58.96,148
65,SANITARY PRODUCT,Believe grow skill boy. Walk soldier religious street middle plan they seven.,2,92.62,485
66,Agricultural Product,Safe wind notice claim himself travel. Unit word science suggest fine charge piece.,3,41.55,844
67,SANITARY PRODUCT,Our top day get bag. Democratic range right box her would.,3,28.26,284
68,Water Tanks,Recognize specific power me single clearly. Feel kitchen tough prove different majority.,4,21.76,991
69,Industrial Product,People be parent help beat organization. Fish for where exactly.,4,57.47,458
70,SANITARY PRODUCT,Mention between message. Occur bar do. Available hair thus option grow.,3,28.85,771
71,Industrial Product,"Before include purpose blood.
Good senior long gas clear get. Big position rule manage room.",3,98.46,433
72,Water Tanks,Red billion million own heart. History budget scene success recently someone.,3,52.4,141
73,Water Tanks,Girl over skin short our. Weight call likely international as.,2,26.25,547
74,Plumbing Product,For agree teacher Republican. Between operation do. Approach south scientist never must.,1,43.99,478
75,Water Tanks,Turn born stop defense other. Happen long which serve example course.,2,74.88,303
76,Industrial Product,Discuss keep beat decade analysis act.,4,55.93,577
77,Agricultural Product,Appear point back billion board mouth push. Either affect school girl camera.,2,96.02,182
78,Cleaning Product,Similar tree pay special account Congress. Data away main save word although.,4,86.96,968
79,Industrial Product,Writer use course movie take word recent join. Design resource staff tree kind dream.,2,97.87,783
80,Plumbing Product,Growth rule offer feeling girl realize least. Between herself western edge but.,4,37.52,280
81,SANITARY PRODUCT,Beat hundred spring business series military. Onto hard wrong get front.,2,21.1,643
82,Industrial Product,Say attention expect girl. Recently official write good rich result.,4,39.91,906
83,SANITARY PRODUCT,Live suddenly soldier type list later. Human media billion often one.,1,28.49,983
84,Industrial Product,A situation something realize scientist through. Town kitchen live concern magazine bit add.,2,86.72,445
85,Agricultural Product,Production open soon. Song pattern assume camera fish send.,3,86.63,866
86,Agricultural Product,Several argue age meeting happen some carry.,4,65.81,579
87,Cleaning Product,Occur sure young trade authority style. World expect together figure be future until.,1,74.66,853
88,Industrial Product,Six popular worker way. Large tend any issue music interesting.,3,12.79,907
89,Industrial Product,Full radio beyond fund her. Sport improve letter become machine open. Almost sort school something.,2,66.11,280
90,Plumbing Product,South understand on wide. Culture almost nature third onto ago American. Fill focus than huge.,4,18.91,421
91,Water Tanks,Share hundred employee enjoy. Sit Congress that.,4,68.84,867
92,Agricultural Product,Series happy young military enjoy discuss. Staff forget on occur purpose must. Develop wind yeah.,2,62.94,310
93,Cleaning Product,Attention project contain election look culture. Say sell focus once. Support window watch road.,2,39.18,143
94,Water Tanks,North single born more player fund skin. Fear main media data.,1,29.97,24
95,Industrial Product,Speak interesting red success people.,4,79.01,277
96,SANITARY PRODUCT,Under health pressure over family field site. Them system box worker their wall report.,4,27.33,438
97,Plumbing Product,History well far sound outside difference. Cost above own seat defense story girl better.,1,71.14,697
98,SANITARY PRODUCT,Sport area early attorney response skin. Short protect certain sell world into bag maintain.,1,93.6,52
99,SANITARY PRODUCT,General eat record a. Majority young position pay price professional.,1,81.1,756
100,Plumbing Product,"Tell plant card stock close type. Small here some remember.
All stay available language reality.",4,66.27,773
101,Cleaning Product,Several political wall fish on station dream. Both ever beat.,4,73.28,131
102,Industrial Product,Specific rock front either. List control free.,2,51.68,773
103,SANITARY PRODUCT,Year yeah class what. Tend western prevent method next three. Truth care contain.,3,43.19,961
104,Cleaning Product,Ask after window suddenly. Put leave clearly create girl if.,4,59.56,299
105,SANITARY PRODUCT,Box from social medical executive himself line. To change world movement. Cold player future.,3,65.7,788
106,Cleaning Product,Thus when population mind hand article season. Face ability next great. Country what single item.,1,86.55,710
107,Cleaning Product,Although far herself bar fly manager alone interview.,2,14.26,639
108,Plumbing Product,Star finally white student body word. Music attention certainly still goal.,2,82.46,480
109,Industrial Product,Because skill middle leader. Difference win resource Congress.,3,83.39,388
110,Cleaning Product,Strategy politics cultural degree certain purpose. Collection tax why treat enjoy.,1,66.21,897
111,Industrial Product,Smile traditional while chance price list.,1,98.35,937
112,Plumbing Product,Ten doctor help security example.,2,91.01,729
113,Agricultural Product,He less floor source. Foot participant front north. Car list any bar result ever.,4,64.9,718
114,Plumbing Product,Staff offer soldier be important charge world. No sea station position.,2,59.31,458
115,Cleaning Product,Tell remember improve until size different pass.,4,31.96,240
116,Industrial Product,Evening after fight learn. Service turn shoulder last decade free ever.,1,83.31,715
117,SANITARY PRODUCT,Hour until medical something phone.,4,16.38,763
118,Water Tanks,What Mrs during suddenly pretty.,2,77.08,409
119,SANITARY PRODUCT,Though information customer eat. Card position traditional model my them pass.,3,27.04,334
120,Plumbing Product,Radio white local. Seem make discussion why as machine turn.,4,62.28,693
121,Water Tanks,Attorney benefit case seat. Manager physical threat until almost.,1,24.04,216
122,Agricultural Product,Space change however step. Then catch risk city behind. Image hope skill see high girl.,1,95.68,154
123,Industrial Product,Without stop real party.,1,37.88,480
124,Agricultural Product,Represent catch although unit economy growth. Ready example they live give.,1,49.84,487
125,Cleaning Product,Seek agreement process adult campaign remain with. Wife go chance sell become so.,3,87.52,941
126,Plumbing Product,Common that note several. Issue else nearly season staff.,2,42.85,740
127,Water Tanks,Ahead difference collection low current role. Full occur want during like organization country.,4,60.71,164
128,Agricultural Product,Technology indicate raise anyone can. Represent recognize product others again.,3,21.36,438
129,Agricultural Product,Low fall card bank certain to. Attack tax color. At magazine above yard inside.,4,32.55,114
130,Plumbing Product,He although about star personal will couple. Argue citizen rock mind by bed.,1,66.18,717
131,Water Tanks,Stock loss road institution mission. One boy already free push. Image summer ground but cup fine.,2,14.48,283
132,Agricultural Product,Past change performance friend. Quality more exactly half.,2,55.27,109
133,Cleaning Product,What else card condition break meet. Federal sea southern toward relate house.,3,57.77,126
134,Plumbing Product,Have military tough remain agency show week.,1,49.0,32
135,Agricultural Product,Single piece save pattern system. Job past often support of.,2,97.19,249
136,Cleaning Product,Smile daughter sometimes claim kid exist concern. Company natural garden leave control.,3,25.04,489
137,Water Tanks,Wide stock tell century. Senior prevent senior officer.,1,31.07,304
138,Plumbing Product,Specific every loss natural. Couple get space growth appear theory.,4,63.34,410
139,Cleaning Product,Game threat former never. Answer example range human.,2,54.11,933
140,Water Tanks,Everybody rise car many.,1,22.48,583
141,Plumbing Product,Rate southern place ask notice author. Along set lot color threat whole student above.,4,61.93,721
142,Water Tanks,Future realize defense. Like forget stay season speech especially.,3,27.65,673
143,Cleaning Product,Wind serve catch citizen speak.,2,11.82,737
144,Plumbing Product,Worry director such size about. Hear her Mrs use either she free face.,1,70.12,295
145,Industrial Product,Population home north thus evening young. Stuff daughter population speech claim.,2,11.72,562
146,Industrial Product,But marriage sure agreement citizen firm. Top quality friend stop.,4,46.53,730
147,Industrial Product,"Alone short story nor kitchen.
His our change nothing.",4,86.39,11
148,Water Tanks,Crime mention against oil system use.,3,52.98,282
149,Cleaning Product,Visit be policy. Say war try item. Home begin four near after.,1,70.54,362
150,Cleaning Product,Teacher unit address agent red. Personal item already pressure.,3,60.98,184
151,Water Tanks,"Lay newspaper dog consumer least.
Dream throughout notice hope until.",1,14.28,436
152,Industrial Product,Morning crime much right open. Management meeting sing ten.,3,56.03,31
153,SANITARY PRODUCT,Bit station beat way campaign home maintain. Industry fund buy pull exactly.,1,55.48,758
154,Agricultural Product,Financial feel information power population nation. Green chair piece create relationship measure.,1,27.84,462
155,SANITARY PRODUCT,Environmental word mother if under. World against outside specific door thing shoulder.,3,64.53,590
156,Agricultural Product,Hospital turn skill agent stock. Wish exactly also offer.,1,59.97,705
157,Agricultural Product,Accept result guy. You consumer economic value think write forget.,4,48.98,183
158,SANITARY PRODUCT,Population no line sure most guy machine. Guy woman film machine. Reach apply leave charge.,1,22.03,64
159,Industrial Product,Ever fund phone have kitchen. Form trade artist. Condition check run billion understand.,3,89.05,642
160,Industrial Product,Kid measure support my. Myself air success recently. Pay brother reflect open approach build.,1,20.56,107
161,Industrial Product,"Nation point stuff couple people. Range firm language today back.
Note compare fish drop perhaps.",2,32.19,531
162,Water Tanks,Light third national movement whether. Local summer too third radio crime issue.,3,31.89,180
163,SANITARY PRODUCT,"In old great both issue lot face else.
Send turn cover test. Situation prepare upon art ball more.",2,86.3,178
164,SANITARY PRODUCT,Fear tend society some while prove nation. Sure pull pass price speak garden order.,1,16.45,378
165,SANITARY PRODUCT,Worry identify carry artist pull. Piece physical next send blood. Through reason then style.,4,90.45,663
166,Cleaning Product,Seem thought government result there good. Strong industry identify today all spend.,1,48.04,520
167,Plumbing Product,Size music add score pressure happen. Community story avoid from.,4,60.11,129
168,Plumbing Product,Child benefit play. Throughout challenge than eight today it.,1,97.32,162
169,Water Tanks,Get very represent force. A body through food just gun. Mrs name huge parent size.,4,35.5,390
170,Plumbing Product,Move adult today grow. Situation maybe camera design form word exactly.,4,17.77,174
171,Cleaning Product,Nature maybe important recently well. Including meeting list line.,2,27.08,827
172,Water Tanks,Effect rich notice. Thing industry three cup. Attack today ahead yourself.,4,59.47,946
173,Plumbing Product,Training gun evidence dark fund. Majority easy person city job rule enough.,1,34.63,907
174,Water Tanks,Deep every commercial hair sing hope main. Loss apply happy recently.,1,73.93,534
175,Water Tanks,Skin food article movement most choice how.,3,22.29,622
176,Industrial Product,Issue stand single ten. Job car culture eat arm. Figure food school trip country weight.,2,76.03,545
177,Agricultural Product,Detail million generation be support.,3,49.76,339
178,SANITARY PRODUCT,Second system life lose administration. Kind suggest response I fund history.,3,76.93,90
179,Water Tanks,We white effect organization myself. Buy edge I.,1,91.34,285
180,SANITARY PRODUCT,Blue traditional wind. Budget prevent clearly history two billion. Work trouble human or great.,3,26.28,689
181,Water Tanks,Summer say almost certainly sort. Foot forward bag wife figure generation.,4,97.71,484
182,Plumbing Product,She capital prevent agent view peace. Type give kid the attack her us.,3,81.08,944
183,SANITARY PRODUCT,Protect specific want news successful near if. Score minute phone perhaps near keep research.,4,29.06,400
184,Water Tanks,Land suddenly possible firm goal. Hand forward evening large suggest.,1,19.81,798
185,Cleaning Product,Early remember my edge. Production couple today ten source environmental rather cut.,2,88.52,212
186,Agricultural Product,Career traditional assume gas. Letter theory happy still. Which senior computer order.,3,84.77,837
187,SANITARY PRODUCT,List water green support system base thousand. While since economic good. Leader letter majority.,4,37.35,804
188,Agricultural Product,Expert power message green side.,4,94.2,179
189,SANITARY PRODUCT,Include agreement rule. Simply themselves night science interest course size.,4,98.72,862
190,Industrial Product,Follow quite box idea again education minute. People part information TV itself star.,1,85.48,437
191,Agricultural Product,So sure week color. Though thought poor continue. Clear above political image.,2,35.94,292
192,Water Tanks,Media policy rise under camera Republican baby. Stay carry professional phone.,3,24.74,227
193,Water Tanks,Real nice use professional include. Prepare once owner gas help involve sign over.,4,60.69,767
194,Plumbing Product,Never wall street role control project appear. Light include deep site.,4,68.93,794
195,Industrial Product,Another baby green both side marriage author health. Allow hit difference event no new.,2,73.09,123
196,Industrial Product,Yourself require physical structure game mother forget thing. Listen among look development hard.,2,28.06,189
197,Cleaning Product,Skill energy notice person reality seven east. Best hot home in training lay leader government.,1,31.29,111
198,Industrial Product,Data activity control several management art ok.,1,42.1,872
199,Plumbing Product,Just position yes brother. Only number leave.,4,28.81,386
200,Water Tanks,Nor memory rise thought necessary. Group exist baby most follow traditional amount require.,2,17.03,752
201,SANITARY PRODUCT,Attention must reason yet born.,2,39.71,403
202,Water Tanks,Collection policy event charge might career gas. Rule trip tree two purpose public arm Democrat.,2,91.87,207
203,Agricultural Product,Factor year well close production choose let. Whether shoulder than score hard former.,3,11.86,399
204,Water Tanks,Growth occur so treat. Help increase stage film every. Radio TV outside bad keep research.,4,16.32,73
205,SANITARY PRODUCT,Occur admit stuff. Themselves policy model opportunity matter visit.,3,33.48,998
206,Cleaning Product,Pull pass page someone. House avoid national address college military.,3,93.02,988
207,Agricultural Product,History yet ahead arrive.,1,12.27,248
208,Cleaning Product,Weight really debate road. Really store fill. Street rule begin fly.,1,66.84,145
209,Plumbing Product,Effort practice stuff than manager nation party. This together teacher parent memory.,4,56.17,401
210,Industrial Product,Room newspaper strategy stand class may. Civil air born me about cell.,4,90.33,813
211,SANITARY PRODUCT,Drug consider close no part. True eight analysis meet today yeah view.,2,99.95,761
212,Water Tanks,Protect finish significant white. War reason employee son Democrat laugh include.,3,73.87,397
213,Water Tanks,"Material add I.
Wonder recent magazine almost receive. Data along down adult.",3,53.32,79
214,Plumbing Product,Letter draw right prevent argue eye away international. Million identify walk.,1,63.07,952
215,SANITARY PRODUCT,That dark beat have. Necessary impact kind stuff air. Better very civil energy buy audience.,4,39.19,318
216,Water Tanks,Seek education stop federal single involve time week. Anyone technology term collection.,1,73.02,91
217,Industrial Product,Worker under organization such. Police goal do. Eye very out surface similar national most want.,4,99.61,298
218,SANITARY PRODUCT,Benefit stand expert from. Glass reason window despite can.,1,51.4,391
219,Water Tanks,Whatever agent more onto. Network just him between bar. Bit reveal guess.,2,13.43,316
220,Water Tanks,Police natural require would. Analysis how answer cold perform treat miss guess.,1,70.26,957
221,SANITARY PRODUCT,Site budget writer site only. Hold minute upon most play most.,3,16.95,106
222,Agricultural Product,Oil practice perform site hotel. City trial itself gun support paper.,1,96.83,212
223,SANITARY PRODUCT,Wrong pull name president. Six get particular indeed whatever ask shake this.,1,47.9,99
224,Water Tanks,Leave so region. Surface wrong know evidence.,2,39.83,968
225,Cleaning Product,Impact cultural bill indicate inside. Another trouble phone air. Quality media address.,1,90.4,932
226,Plumbing Product,Individual success several base let involve. Quite set main risk need money citizen.,3,49.83,605
227,Agricultural Product,Participant information there thought. Series hour close.,3,76.29,626
228,Plumbing Product,Plan into head among. Remember either investment stand live possible.,2,88.17,821
229,Cleaning Product,Focus then star kid stage add music foreign. Popular music pretty any technology.,1,87.85,925
230,Industrial Product,Pretty finish coach on alone. Third near important executive sound. Teach air clearly real.,4,23.13,869
231,Industrial Product,Education TV scientist year. History different force four.,1,77.44,81
232,SANITARY PRODUCT,Impact wait money worker door responsibility seven. Collection dog level include seat how.,3,12.96,659
233,SANITARY PRODUCT,Lay son generation parent state claim. Mean letter would exactly good. Science main response deep.,1,48.14,484
234,Agricultural Product,Agency dog lot carry. Room magazine often task particularly.,3,20.38,384
235,Cleaning Product,Force build star collection compare store capital. Test five drug suggest positive pay sister.,2,30.07,210
236,Water Tanks,Family several option believe. Approach suffer particularly system.,1,39.01,114
237,Water Tanks,Long information across read. Area way prove between talk. Standard control help evidence seem.,1,21.34,694
238,Cleaning Product,Simply little life always. Tonight movie ten compare option have experience series.,2,65.26,136
239,Plumbing Product,Ability draw quality hour parent strategy. Close spend meeting against.,2,80.19,685
240,Agricultural Product,Beautiful practice fall soldier rich wall. Capital throughout kitchen draw media back.,3,77.01,986
241,Plumbing Product,Six employee admit authority.,3,39.85,769
242,SANITARY PRODUCT,"Forget economic would less rather word.
Among daughter source fear. Such religious similar pass.",1,68.84,985
243,Water Tanks,Hand hand according door care born. Doctor hospital television successful office college customer.,1,72.23,196
244,Industrial Product,Region blood management keep according law or. Will beyond choose care radio major.,4,34.73,576
245,Cleaning Product,Billion tend like. Power class become. Middle pass performance talk last.,4,22.98,347
246,SANITARY PRODUCT,Without hospital audience conference bed trade determine.,3,50.84,308
247,Agricultural Product,Fire manage experience necessary perform let. Indicate large officer water teacher.,1,87.21,927
248,Agricultural Product,Sport management want rest yet officer technology ability. Name growth response exactly subject.,2,29.06,750
249,Agricultural Product,All process mouth. Catch case community.,3,67.81,166
250,Agricultural Product,Sea true ground social thus. Challenge law budget lead skin less between reveal.,4,39.31,470
251,Industrial Product,Nature do center describe their pass.,2,22.02,452
252,Agricultural Product,Occur body scientist development reality rock technology that. Poor arm want ago.,1,99.76,535
253,Plumbing Product,Fall which because situation. Force trade local region describe among world material.,3,40.21,207
254,Water Tanks,Benefit prevent entire society. Vote those media war. Who account speech figure safe certainly.,4,42.41,309
255,Cleaning Product,Southern game animal. Real know court she.,4,74.38,806
256,Cleaning Product,Center energy develop. Alone support half police sense. New space candidate read.,4,26.72,606
257,Water Tanks,Drop season or region somebody.,4,48.3,824
258,Plumbing Product,Another realize seven myself subject watch simple. Actually painting life draw.,3,24.99,728
259,Agricultural Product,Provide visit talk which. Employee interest mind by total employee. Activity top example box.,2,48.45,150
260,Agricultural Product,"Less share hand others.
Different leg page create. Find media want.",4,47.42,322
261,Agricultural Product,Foot last onto charge.,1,21.34,485
262,Industrial Product,Ask physical majority thank different city. Themselves scientist these view because.,3,93.71,79
263,Water Tanks,Reach south computer understand security with. Must recently television oil more us.,1,14.54,570
264,Plumbing Product,Behind quickly mention spring. Price cultural area write before. Result work through.,4,55.32,875
265,Water Tanks,Speech pattern show play accept tax front reveal.,4,51.83,596
266,Agricultural Product,Former data impact base world. Almost loss whole what.,4,63.61,109
267,SANITARY PRODUCT,President with rich impact quickly design trip author. Outside must single television station eye.,2,56.03,497
268,Industrial Product,Form true issue before plant head stage. Meet if but successful. Choice letter military one.,1,77.91,879
269,Agricultural Product,Such amount positive really term federal. Institution experience man measure back baby however I.,2,76.99,281
270,Industrial Product,Situation successful choice. Range section world fine. Someone admit tree.,3,62.27,808
271,Agricultural Product,Manager manage card at. Meet perform unit support actually around art.,4,95.19,486
272,Industrial Product,Prove analysis detail bank success. Rate the his suffer wrong because skill thought.,3,28.97,865
273,Plumbing Product,Arrive difficult view artist know society. Science surface today drop. Republican fly focus.,4,17.11,882
274,Agricultural Product,Book every including five his every. Interesting tough painting house low.,1,85.04,426
275,Plumbing Product,These toward church investment hear sort from. Term lay fly generation officer the tell.,3,17.52,272
276,Cleaning Product,Concern himself take water majority. Include another box truth upon.,3,46.76,993
277,Plumbing Product,Law visit institution international without. Be under executive resource coach serve kitchen.,1,43.7,715
278,Industrial Product,Full meet image rather personal. Republican movie business. Capital lead dog spring suggest father.,4,21.48,845
279,Agricultural Product,Page religious different lead drug store. Significant race which left bring few five.,3,90.67,893
280,SANITARY PRODUCT,Possible guess section former attorney. Discussion high forget. Dog go mention interview kid.,3,66.12,46
281,Industrial Product,Suggest change whatever her. Great option buy.,3,78.27,760
282,Agricultural Product,Box drug compare economy where work. Thought try necessary toward back under not.,4,58.53,414
283,Plumbing Product,Increase increase grow American. Six month who fall seek per bar. Play group memory bank.,4,52.19,196
284,SANITARY PRODUCT,Listen tell produce notice benefit. Feel tend trade.,2,70.61,232
285,Plumbing Product,Prove easy case city.,3,59.32,312
286,Water Tanks,Responsibility able leave whom operation magazine.,3,39.45,234
287,Cleaning Product,"Drop concern improve community.
Skin evidence test win five top. Medical other town few attack.",1,25.68,333
288,Industrial Product,Kitchen threat body nearly level morning. Agent finish unit group southern close marriage.,4,39.25,534
289,Agricultural Product,Nice these society southern piece order. Prove about through forget. Who finally describe together.,4,84.46,855
290,Agricultural Product,Attorney president weight much situation house finish. Its crime eye factor focus test cover.,1,45.59,63
291,Plumbing Product,Service word think develop star civil. East poor worker sell table.,3,61.54,467
292,Agricultural Product,Positive whole television time other. Table pattern two they thank radio.,2,26.74,891
293,SANITARY PRODUCT,That class how play statement follow model.,4,20.8,777
294,Water Tanks,Executive nice believe cell. Shoulder read six sure.,4,72.92,442
295,Agricultural Product,Be floor culture report second.,3,12.99,801
296,Industrial Product,Radio could under society role mouth. Listen choose thought hotel interview rest.,1,33.62,121
297,Agricultural Product,Carry view nice magazine. Accept none administration pressure produce another.,2,36.66,683
298,Plumbing Product,Realize such fear economy care. Station health sing bill.,3,57.15,560
299,Agricultural Product,This offer sister seven hope. Open increase inside case. Sure field money kitchen field.,4,15.97,926
300,Industrial Product,Light five computer suggest hot mouth loss. Individual group the reveal decide entire control gas.,4,40.8,682
301,SANITARY PRODUCT,Tell goal consumer decision. Pick full begin system tonight newspaper economic.,2,48.68,341
302,Cleaning Product,Physical speak son different thank character nearly.,2,70.8,606
303,Cleaning Product,Stop community industry everything two care. Cell set address impact.,1,15.87,858
304,Industrial Product,Audience car child indeed. Space allow wonder building move like down popular.,4,90.1,89
305,Water Tanks,Together financial special. Life health easy.,2,81.01,770
306,Industrial Product,Marriage since pressure hospital. Full picture either five bar out.,2,36.63,524
307,Industrial Product,Paper himself reality. Sort seek whose order president move.,1,69.72,651
308,Industrial Product,Mission develop people education executive list another join.,2,66.94,410
309,Cleaning Product,Whole amount when senior lawyer. Bar audience together direction move major brother.,2,29.23,519
310,Cleaning Product,Article on the should believe food. Rather positive knowledge always. Under million oil.,2,71.87,5
311,SANITARY PRODUCT,Politics tree traditional fish outside check good. Green responsibility perhaps purpose let family.,1,22.28,547
312,Industrial Product,Computer could memory school several standard participant. Push turn mention her hair nearly.,2,65.81,656
313,Industrial Product,Both through professional election win. Experience usually be result dark movie.,4,36.73,948
314,Agricultural Product,Hand just likely so. Image really deal eat live himself inside rule.,2,89.8,492
315,Industrial Product,To answer area example military arrive. Modern record bring say especially health.,4,40.38,805
316,Plumbing Product,Term benefit grow almost kitchen. Five certain leg standard employee expert.,1,31.39,238
317,SANITARY PRODUCT,Ground behind treat require another. Break American bed choose indeed.,1,46.47,294
318,Plumbing Product,Hand may thing party clearly put. Around case then exactly environmental.,1,91.16,616
319,SANITARY PRODUCT,Get often child much people trouble easy. Year attack moment.,4,25.77,305
320,Agricultural Product,Issue actually political hit decide them maybe. Accept big reflect attention bag tend leave.,3,17.2,166
321,Agricultural Product,Sit buy year. Bad name choice. Company though cause benefit few right source position.,2,87.6,540
322,SANITARY PRODUCT,Choose teacher listen child. Begin teach certainly glass.,2,83.94,263
323,SANITARY PRODUCT,Particularly there mind far trade.,1,91.45,435
324,Plumbing Product,Appear media brother house degree positive over window.,4,40.41,649
325,Water Tanks,Tv either small certainly fast. Keep the ready road value. Onto worry my population.,4,40.58,813
326,Cleaning Product,Organization piece sing room some. Talk rest if old true easy. Because market international.,3,69.52,542
327,Industrial Product,"Center task their particularly difference truth case. South put form point.
These peace forward.",3,36.18,445
328,Industrial Product,Across score bit situation. Economy seat response amount three piece.,1,45.21,87
329,Agricultural Product,Bar say watch mouth because national. Coach yeah fund continue clearly form.,4,85.42,828
330,Agricultural Product,North research among project show. Series message hair rule even. Consider theory one.,1,60.49,678
331,Agricultural Product,Treat field grow then fire study billion off. Group of behind scientist heavy go benefit.,3,56.64,40
332,Cleaning Product,Husband no choice several south ask. Growth bill can discover face.,2,73.72,92
333,Cleaning Product,Our prove include pass likely agreement.,4,27.95,724
334,Water Tanks,Store her cold popular.,2,87.55,365
335,Agricultural Product,Impact add impact indeed see attack buy. Theory size deal wind town. Republican white be Democrat.,3,46.81,407
336,Agricultural Product,"Article home seat.
Include record whether production data. Enter by catch if edge today black yes.",4,34.3,779
337,Cleaning Product,Practice media computer drop director yes feel growth. Center against whole shake blood your.,3,62.57,242
338,Industrial Product,Oil tonight court somebody generation imagine. Recently one write wear international ok much.,4,66.92,631
339,Cleaning Product,Fund sometimes customer car arm. Hundred occur different bed myself vote. Sense nor carry nor sign.,4,21.14,241
340,Plumbing Product,Last dinner simply expert style visit. Us big talk word authority. Mrs center leg prevent.,2,82.5,709
341,Plumbing Product,Fear Republican large marriage week hair.,4,67.32,345
342,Plumbing Product,Cultural edge imagine season run. Benefit my show impact my rather.,3,37.86,376
343,Water Tanks,Woman instead easy. Must design security hear forward military.,3,99.28,700
344,Industrial Product,End peace my difficult. Actually huge fill rule course.,2,78.91,199
345,Water Tanks,Open example deep green. Just by tell space record outside plant. Doctor technology worry western.,1,69.88,793
346,Plumbing Product,Pm cell answer look interest. Company drive fire lot spend. Second suggest general.,1,11.34,432
347,Cleaning Product,Develop impact citizen contain. American if meet protect forget enter.,4,19.73,81
348,SANITARY PRODUCT,Air note even thus. Lose contain involve defense really. Summer answer young bring best.,4,74.31,811
349,Water Tanks,Determine short determine certainly type. Guess course day simply. Budget man raise.,1,48.34,161
350,Industrial Product,Fly decision clearly middle interesting challenge. Politics must which assume.,1,43.21,585
351,Agricultural Product,Measure worry want detail religious. Key Republican hard road.,3,83.02,351
352,Water Tanks,Social voice response east smile policy.,2,25.27,532
353,Plumbing Product,Friend impact pay.,1,30.0,875
354,Plumbing Product,Site accept opportunity debate. Everybody camera enter at heart live wife.,2,14.83,743
355,Agricultural Product,Picture indicate responsibility. Under great standard next. Marriage similar eye their American.,1,39.7,819
356,Industrial Product,Tend computer who direction not deep.,4,87.73,69
357,Industrial Product,Away perhaps either few. Strong we final today town.,3,33.64,118
358,Agricultural Product,Effort pay area. Throughout five let character science fund technology budget.,3,13.43,625
359,Plumbing Product,Positive any main social finally. Pressure together alone back its result government.,3,67.9,883
360,Cleaning Product,Set important power cup. Paper inside road use crime next result.,3,77.1,533
361,Plumbing Product,Test various trip health.,3,43.21,995
362,Agricultural Product,Race fact out cold personal himself stand. Well how floor key themselves group media.,4,22.34,822
363,Cleaning Product,Individual heart decision natural. Benefit send year than different among.,3,48.8,665
364,Plumbing Product,Of machine truth million. Some indicate agree pull quite.,4,85.52,560
365,Water Tanks,Magazine look sound impact.,3,42.84,614
366,Agricultural Product,Respond attack agent need involve. Street call hour over. Sound without financial day city.,1,26.15,305
367,Water Tanks,"Lose attention Republican training look firm. Office cold yard.
No agree brother point focus price.",4,29.7,190
368,SANITARY PRODUCT,Discussion pass image account hit. Rock major born brother all protect.,2,44.39,876
369,Cleaning Product,Stay within hold site. Front true every recently our respond. Hair different director part.,4,33.81,32
370,Cleaning Product,Common defense speak remember service. Conference phone country.,3,77.4,411
371,Plumbing Product,Test care teach ok. Single process outside movement. Political place speech.,3,98.64,470
372,Agricultural Product,Task pattern democratic that follow. Simple everyone collection experience.,1,95.1,801
373,Cleaning Product,Think light of first foreign. Hundred part including small shoulder.,1,76.3,118
374,Industrial Product,Particular table me large. Accept to audience pattern bank series miss culture.,1,22.06,452
375,Water Tanks,Go relate suddenly PM suggest raise yard.,3,10.15,423
376,Agricultural Product,Reason TV color three final growth. Discuss politics safe leader. Wear administration center per.,3,25.37,191
377,SANITARY PRODUCT,Manage fly such. Administration decision population later agreement bring.,4,88.12,622
378,Cleaning Product,Shake evidence science result particular four.,3,71.87,922
379,Plumbing Product,Someone other end no now. As wall hour attack computer process herself.,2,75.35,441
380,Water Tanks,Experience say wrong tough Congress turn. Out only citizen.,2,73.19,619
381,Water Tanks,Air set positive large oil his wish fight. Central writer fund institution of majority paper.,4,69.52,356
382,Cleaning Product,Actually when concern particular. Response nature left. Mrs poor play improve test.,3,70.87,708
383,Agricultural Product,On though deep recently. Particular yes affect cold. Good newspaper head blood.,4,70.42,360
384,Agricultural Product,Table century apply first good room general.,4,33.85,359
385,Plumbing Product,These bit professional single grow. Beyond blood adult my actually produce.,3,59.28,443
386,Cleaning Product,Majority day growth where thousand.,3,70.45,441
387,SANITARY PRODUCT,Family sea mind loss on be world. We probably avoid. Employee catch dark effort sister.,4,28.57,407
388,SANITARY PRODUCT,Article drug international call check ten. Red economy throw listen between around various.,4,67.91,359
389,Cleaning Product,Magazine set she nice. Not material require would meet model city.,3,51.64,733
390,Agricultural Product,Me change agency among able either happy.,3,69.59,825
391,Industrial Product,Piece which only by. Near important result. Almost though summer military most.,4,10.89,75
392,SANITARY PRODUCT,Activity happen kitchen field kind. Be nice good particularly.,4,22.14,973
393,Cleaning Product,Down majority between country floor every. Gas right blue strong trade.,1,91.76,177
394,SANITARY PRODUCT,"Plan traditional result push.
Relate interest happy likely upon mind. Even news keep form.",1,17.59,956
395,Industrial Product,Increase chair despite seat and various teach deal.,4,24.29,792
396,Water Tanks,Note old well reduce meeting stand certainly. Away so top best million guy.,4,16.6,287
397,Industrial Product,Plan these say all.,4,12.22,812
398,SANITARY PRODUCT,Store trial provide page north. Yeah cut if third resource account find.,2,12.16,730
399,Water Tanks,Raise imagine idea the growth born respond after. Office many it coach.,1,73.68,817
400,Plumbing Product,Do form measure any by especially. It key body politics within gas road.,1,89.26,31
401,Plumbing Product,Market well card lay. Discover yes less. Try simple business option kitchen discover check.,1,76.57,394
402,Water Tanks,Real leader art it action. Writer listen floor debate.,4,57.48,664
403,Water Tanks,Data already book always conference one. House character since out ahead size. Ball just maintain.,1,76.32,562
404,Cleaning Product,West over maybe long. Now could several foreign. See little point.,4,79.71,935
405,SANITARY PRODUCT,Perhaps end manage much rich down. Keep PM church order.,4,92.85,899
406,Industrial Product,Often prepare drug gas you. Find watch no accept.,4,71.49,905
407,Agricultural Product,Enjoy PM kind hope little yard keep forget. Keep relate do heavy only nothing.,4,59.11,694
408,Cleaning Product,Today low station throughout case day. Senior nor economic Democrat same down.,3,68.11,963
409,SANITARY PRODUCT,Win cultural represent director tend wear image. Guess summer local office become man.,1,42.7,175
410,Cleaning Product,Cell report since image miss cell. Hold blue son remember participant professional type.,4,28.63,683
411,Cleaning Product,Serve school guy human country few doctor. Material would majority.,1,85.06,745
412,Industrial Product,Medical senior performance power. Protect single customer least worry option red.,3,12.72,198
413,Agricultural Product,Kitchen way social. Machine you bank material produce piece determine course.,1,40.49,1
414,Water Tanks,Capital and provide help. Actually Mrs Mr certain. Cut consumer yes oil truth then majority buy.,2,71.29,538
415,Plumbing Product,Operation discuss cut miss free former before.,2,40.34,469
416,Cleaning Product,To finally continue television on stuff evidence. Discuss even natural law local number such.,3,92.28,527
417,Agricultural Product,Indeed sometimes space here. Majority hot the church event stock.,1,95.69,357
418,Water Tanks,Safe look investment continue.,4,13.82,787
419,Water Tanks,Listen should truth a exist.,2,80.15,954
420,Agricultural Product,Employee within character never design. Rest oil quite analysis page growth soon use.,3,62.55,877
421,Cleaning Product,Skill feel pattern hand present view. Occur size wear environment participant have.,3,60.08,540
422,Water Tanks,Them understand eight practice. Rest enjoy mention adult. A agree campaign place.,1,89.04,972
423,SANITARY PRODUCT,Reduce response usually important hand.,4,37.62,891
424,SANITARY PRODUCT,Foot be deal cover community. Spring far adult seven rise.,1,71.67,579
425,Water Tanks,Often almost ball likely respond night. Language quickly news art.,1,46.15,647
426,Industrial Product,Republican science writer heart seek. Long sing buy. Authority help over job pattern child officer.,2,29.41,6
427,Water Tanks,Industry growth stage people chair tend.,2,87.63,828
428,SANITARY PRODUCT,International recent drive want four. Push those economic accept.,1,74.42,1
429,Agricultural Product,Strong couple know husband. Foot price travel song assume age chance.,1,27.79,422
430,Industrial Product,Back perhaps item until her. Hope something again. Brother remember remember truth true after.,1,45.09,231
431,Cleaning Product,Situation race idea actually itself. Officer oil mean rise color.,3,44.26,840
432,Cleaning Product,East play theory know. Prove begin down community organization edge truth.,1,89.81,874
433,Agricultural Product,Machine play region morning.,3,41.74,453
434,Plumbing Product,But common plant move standard high floor. Player game meeting where always.,3,12.94,897
435,Industrial Product,Probably subject piece not low. Meet admit manager her perhaps step.,3,78.0,93
436,Agricultural Product,Call cultural available practice ever machine in. Order traditional left break director.,1,97.22,304
437,Plumbing Product,Natural hour manager shoulder room. Believe country lay month finally consumer.,1,82.09,713
438,Cleaning Product,Relate computer return firm. Culture low strategy direction note fact.,1,82.13,354
439,Plumbing Product,Test all too nearly could back. Their character good physical year interest coach.,2,64.25,668
440,Agricultural Product,Take behavior hope simple. Structure alone end sell. Number tough prevent type.,4,24.41,647
441,Water Tanks,Against choice wrong I but international. Minute service news risk people fall. Memory do them.,1,21.02,231
442,Agricultural Product,Share student fine direction. Hand material perform hair around heart here.,3,40.96,724
443,Cleaning Product,Church political son somebody fall.,4,80.2,545
444,Plumbing Product,Affect situation writer one company true case father.,3,48.83,862
445,Industrial Product,Political management various show. My no write treat religious. Property future office on.,3,30.72,900
446,Water Tanks,Full both never you community medical protect. Pressure cultural until cold.,2,83.14,741
447,Agricultural Product,Firm suggest instead how. Above series decision.,1,68.39,981
448,Plumbing Product,Send make story right throughout hotel. Conference seat list easy article whole great.,2,72.23,807
449,SANITARY PRODUCT,Now song visit specific car policy. Book page call near itself.,1,17.69,935
450,SANITARY PRODUCT,Moment skill phone appear. Painting resource seat or stop why.,4,29.49,206
451,SANITARY PRODUCT,"Able heart as.
Large message clearly spring forget capital them. Direction give car seem.",4,17.63,483
452,SANITARY PRODUCT,Cost gas or picture near us like. Cold suggest against.,1,30.69,198
453,Industrial Product,Scientist save blood seven job state. Decide over tax hotel pass.,1,74.5,903
454,Plumbing Product,Effort fact poor worry reduce or natural. When the across save mission clear.,4,14.18,532
455,Agricultural Product,Cold stage gun own positive. Expect letter push she hard. Study beat course minute structure seem.,1,36.65,435
456,Plumbing Product,Group civil yet. Its eat notice spend popular.,2,31.12,127
457,Plumbing Product,Investment arm side write. Color check far treatment way.,3,93.29,122
458,Agricultural Product,"Outside fund against me.
Risk charge sense wait. Finish together certain hotel police.",3,77.6,163
459,SANITARY PRODUCT,Friend only catch try believe standard eye. Compare out here walk describe.,3,10.08,922
460,Industrial Product,Place down sense suddenly remember management. Hundred east concern.,4,87.88,461
461,Cleaning Product,Firm vote expect place. Either again involve head tax nation TV.,2,72.35,68
462,Cleaning Product,Than land threat spend. Foot impact speech respond room also.,4,87.08,940
463,SANITARY PRODUCT,Contain message question skin. Doctor wall image himself whole probably.,2,85.26,843
464,Plumbing Product,Then two eye natural join race. After newspaper but structure sea subject together.,2,50.81,411
465,Plumbing Product,Find material rest financial report from effect. Company common draw mention tree.,3,73.67,939
466,Cleaning Product,Writer eye executive floor room nearly happen. Party last get music wife theory do.,2,20.31,705
467,Agricultural Product,Away language member. Cut deal party bar. Night outside artist fire.,1,43.12,161
468,Water Tanks,Forget scene discussion challenge. Such new wide establish behavior husband night.,4,44.2,870
469,Plumbing Product,Mention strategy final who check. Issue my year would arm. Staff pick sign fund guy summer.,4,93.95,548
470,SANITARY PRODUCT,Movie soldier believe suggest none gun. Bill against house cost.,3,87.32,25
471,Plumbing Product,Not must step their. Pretty south dream specific agree tax strong heavy. Cup hundred kid.,4,55.03,796
472,Water Tanks,With respond billion try myself. Move actually understand degree common.,4,65.52,962
473,Agricultural Product,Car whom traditional including learn.,4,36.89,188
474,Industrial Product,Authority yard each main particular baby. Machine provide it step idea.,4,66.8,63
475,Agricultural Product,"Thousand green radio win write.
Avoid up door too.",1,42.94,363
476,Cleaning Product,Television bit argue new.,2,60.74,426
477,Cleaning Product,Early beat resource. Woman defense skill price staff believe. Nation heart sure keep.,2,55.26,275
478,Agricultural Product,Or general nature cover reason half. Fast put me structure born money course exactly.,1,42.13,426
479,SANITARY PRODUCT,Science yes no professor yourself business outside. Season use reduce hear past human value expert.,4,76.86,903
480,Agricultural Product,Thank relate herself. Course ago approach late plan why including other.,4,14.42,960
481,SANITARY PRODUCT,Subject tree paper read agency like. System tonight impact likely return though apply school.,4,82.29,26
482,Industrial Product,Near mean you weight push. Effect cause treat effect. Work something yard under of.,2,16.12,256
483,Agricultural Product,Local score create peace concern practice. Job each nearly at. Partner current board end Mr.,2,46.07,50
484,Water Tanks,Understand one open ten specific sister. Enter various who offer. Record second sign live chance.,1,79.26,268
485,Water Tanks,Out conference page. Expert capital return half.,2,51.87,161
486,Cleaning Product,About fast term. Nature cup many city.,4,93.24,501
487,Water Tanks,"Ready reason during usually support.
Camera difference of heavy billion over.",2,71.76,932
488,Industrial Product,Win course hear section summer view give ago. Author thing according month important anything.,1,20.03,251
489,Cleaning Product,Tell exist third current college its chair. Bad industry amount look no investment southern.,4,58.02,752
490,Cleaning Product,If trip next gun. Per possible fast travel house. Never present these money local also drug factor.,2,14.45,598
491,Water Tanks,Center thus reflect agreement management thousand shake. Challenge market bad west religious.,4,78.26,583
492,Agricultural Product,West just sort mission pattern. Need life staff want argue enough new.,4,34.17,477
493,Water Tanks,Open which down. Fund hope else a.,3,54.32,602
494,Water Tanks,Clearly painting month business. World lot relate owner major tell. Bed activity relationship full.,2,87.77,737
495,Water Tanks,Customer civil mouth growth step boy teacher.,1,21.39,656
496,Industrial Product,Treat pattern base site give. Admit offer while hand while so.,3,46.68,420
497,Cleaning Product,Set meeting meet pull piece. Especially none listen fall site must teach. Similar pick stop early.,2,74.99,568
498,Industrial Product,Dinner federal scene thing go southern. About movement our dark. Vote field issue support.,4,55.48,833
499,Plumbing Product,Debate prove north future. Room minute thousand down.,3,56.36,895
500,Industrial Product,Child seem camera tough.,3,57.96,221
