TotalSales,SalesByCategory,SalesByProduct,SalesByRegion,SalesByCity
5921.59,Modified PVC,Water Tanks,New Dustin,West Christina
7769.48,PVC-O (molecular oriented PVC),Cleaning Product,Herringmouth,Amandaberg
2785.59,Modified PVC,SANITARY PRODUCT,Frostville,Calebbury
8145.52,PVC-O (molecular oriented PVC),Cleaning Product,Houstonfurt,Vazquezhaven
5876.76,C-PVC (chlorinated PVC),Plumbing Product,West Sarah,Dunnmouth
6862.52,Modified PVC,SANITARY PRODUCT,Port Amanda,New Lydia
5003.63,C-PVC (chlorinated PVC),Industrial Product,Louisborough,Parkerfort
6781.17,PVC-O (molecular oriented PVC),SANITARY PRODUCT,Angelaton,New Renee
2089.03,Modified PVC,Cleaning Product,Jonesborough,Campbellberg
5629.06,Modified PVC,Industrial Product,Port Rebeccaport,Evanburgh
7246.4,PVC-U (unplasticised PVC),Agricultural Product,West Teresaton,Port Eric
2086.48,C-PVC (chlorinated PVC),SANITARY PRODUCT,Carrieberg,Sharonton
5986.2,PVC-U (unplasticised PVC),SANITARY PRODUCT,East Thomas,Kingmouth
9900.58,C-PVC (chlorinated PVC),Water Tanks,Davisstad,Reedside
9695.35,Modified PVC,Cleaning Product,Ramseyview,West William
7628.16,Modified PVC,Industrial Product,Deleonchester,Kendrashire
5921.85,Modified PVC,Plumbing Product,West Kerrymouth,New Heatherport
7146.32,PVC-O (molecular oriented PVC),Plumbing Product,East Trevor,Port David
5564.26,PVC-U (unplasticised PVC),Plumbing Product,North Markmouth,Jessicaborough
6080.59,PVC-U (unplasticised PVC),Agricultural Product,North Barbaraside,Burnsport
2835.05,C-PVC (chlorinated PVC),Plumbing Product,Michaelfurt,Silvafort
1004.29,PVC-U (unplasticised PVC),Agricultural Product,Escobarton,Kimtown
8308.42,PVC-U (unplasticised PVC),Plumbing Product,North Charlestown,Joshuamouth
9494.64,Modified PVC,Water Tanks,Salazarmouth,Lake Karaborough
7413.09,Modified PVC,Industrial Product,Marystad,Weststad
1474.49,C-PVC (chlorinated PVC),SANITARY PRODUCT,South Frankland,Xavierhaven
5331.86,PVC-O (molecular oriented PVC),Plumbing Product,North Jonathan,Whiteville
4540.34,Modified PVC,Plumbing Product,Lanestad,East Davidtown
1803.72,PVC-U (unplasticised PVC),SANITARY PRODUCT,South Wendy,Townsendville
5629.35,PVC-U (unplasticised PVC),Agricultural Product,Gonzalezborough,West Michaelland
3736.48,PVC-U (unplasticised PVC),Industrial Product,Makaylaport,Port Robert
7348.0,C-PVC (chlorinated PVC),Cleaning Product,Tateport,Ralphland
4989.83,PVC-U (unplasticised PVC),Industrial Product,West Erin,East Michelle
4809.14,Modified PVC,Cleaning Product,South Michael,Lake Michael
8775.68,Modified PVC,Cleaning Product,Lopezfort,East Cynthia
5436.64,Modified PVC,Water Tanks,South Shawnview,West Benjamin
5117.7,PVC-O (molecular oriented PVC),Industrial Product,Coxchester,West Elizabeth
8340.87,Modified PVC,Cleaning Product,Josephside,Douglasfort
2108.14,Modified PVC,SANITARY PRODUCT,East Kimberlymouth,Johnsonville
2959.94,Modified PVC,SANITARY PRODUCT,Davidmouth,West Michael
9253.25,PVC-O (molecular oriented PVC),Cleaning Product,West Joshua,Martinfurt
4865.04,Modified PVC,Industrial Product,Jamesborough,Lake Kelly
6520.82,PVC-U (unplasticised PVC),SANITARY PRODUCT,Amandachester,Port Albertburgh
9110.87,Modified PVC,Cleaning Product,Alyssaborough,Tinachester
3605.43,PVC-O (molecular oriented PVC),Agricultural Product,West Sarah,Rodriguezshire
7275.91,Modified PVC,SANITARY PRODUCT,Teresaville,Lake Brianborough
9573.45,C-PVC (chlorinated PVC),Water Tanks,East Bradleyland,Lake Brianfurt
1471.34,PVC-U (unplasticised PVC),Agricultural Product,West Christinetown,North Steven
3957.64,C-PVC (chlorinated PVC),Industrial Product,Stevenborough,Mercadomouth
3454.25,C-PVC (chlorinated PVC),Plumbing Product,Smithland,Jordanville
1372.13,PVC-U (unplasticised PVC),Industrial Product,New Michael,New Michaelberg
9643.2,PVC-O (molecular oriented PVC),Water Tanks,Harveyville,West Luisview
5812.76,PVC-U (unplasticised PVC),Water Tanks,New Lori,Annafurt
9604.57,PVC-U (unplasticised PVC),Industrial Product,West Charlotteview,Port Davidshire
9143.37,C-PVC (chlorinated PVC),Industrial Product,New Cody,New Susan
7885.63,PVC-U (unplasticised PVC),Industrial Product,Christinaview,Lake Caroltown
6094.63,PVC-U (unplasticised PVC),Cleaning Product,Port Phillipview,Johnsonburgh
8595.16,PVC-U (unplasticised PVC),Plumbing Product,Lake Michellemouth,Coxhaven
7529.72,Modified PVC,Agricultural Product,Smithhaven,Duartemouth
6250.64,C-PVC (chlorinated PVC),Cleaning Product,Fosterstad,Port Darren
2455.94,Modified PVC,Agricultural Product,Shaneview,Lake Kathrynmouth
4630.35,C-PVC (chlorinated PVC),Industrial Product,Andrewburgh,East Katherine
5628.14,Modified PVC,Cleaning Product,North Tyroneberg,Port Brandon
1629.31,Modified PVC,Cleaning Product,West Edwin,Paulport
1644.04,Modified PVC,Cleaning Product,South Kevinland,East Victoria
2700.97,Modified PVC,Cleaning Product,North Jerry,West Travisbury
8149.99,C-PVC (chlorinated PVC),Agricultural Product,Juliehaven,West Colinport
4569.68,C-PVC (chlorinated PVC),Agricultural Product,Lake Katie,Lake Heathermouth
5883.93,PVC-U (unplasticised PVC),SANITARY PRODUCT,Port Mary,Holtfurt
4256.73,PVC-U (unplasticised PVC),Agricultural Product,West Josephstad,Amberfort
9407.7,PVC-O (molecular oriented PVC),Water Tanks,South Brittneyside,Laurentown
2828.79,PVC-O (molecular oriented PVC),Plumbing Product,Tiffanymouth,South Leslie
9222.13,PVC-O (molecular oriented PVC),Water Tanks,Janetberg,Jacksonmouth
2331.82,PVC-U (unplasticised PVC),Agricultural Product,Heidimouth,Nicoleburgh
5828.62,C-PVC (chlorinated PVC),Agricultural Product,East Heatherport,Andersonside
1495.57,PVC-O (molecular oriented PVC),SANITARY PRODUCT,Lake Donaldmouth,Simmonston
6778.82,Modified PVC,SANITARY PRODUCT,Susanchester,Elizabethstad
7078.85,Modified PVC,Industrial Product,New Todd,West Cynthiaview
9097.39,PVC-U (unplasticised PVC),Industrial Product,North Ivan,New Sharonchester
2137.64,PVC-U (unplasticised PVC),Water Tanks,Matthewtown,West Erin
5843.12,Modified PVC,Cleaning Product,Stevenchester,Wardchester
9612.07,C-PVC (chlorinated PVC),Industrial Product,Ericabury,Lake Jennifer
9934.83,PVC-O (molecular oriented PVC),Cleaning Product,Port Leahville,Port Timothyshire
6586.75,PVC-O (molecular oriented PVC),Plumbing Product,Loriberg,Paynemouth
8415.08,Modified PVC,SANITARY PRODUCT,Davidland,East Jason
9413.11,PVC-O (molecular oriented PVC),Agricultural Product,Lisaborough,Lake Michael
1796.22,PVC-O (molecular oriented PVC),Water Tanks,Lake Corey,South Brandon
4170.21,Modified PVC,SANITARY PRODUCT,Wardmouth,Annton
8479.04,PVC-U (unplasticised PVC),Water Tanks,Jerryburgh,North Frankbury
9282.44,PVC-U (unplasticised PVC),Plumbing Product,Juliaburgh,Juliefort
1709.87,Modified PVC,SANITARY PRODUCT,East Victoriaville,Port Kristenland
1056.49,C-PVC (chlorinated PVC),Water Tanks,North Jeffreyhaven,East David
2593.51,C-PVC (chlorinated PVC),Industrial Product,North Heatherview,Robertmouth
6661.94,Modified PVC,Cleaning Product,North Leslietown,New Jason
8042.74,C-PVC (chlorinated PVC),Industrial Product,Durhamville,Suttonbury
8382.24,C-PVC (chlorinated PVC),SANITARY PRODUCT,Martinezburgh,Taylorstad
4792.9,PVC-U (unplasticised PVC),Industrial Product,Martinezland,Katherinehaven
6657.32,C-PVC (chlorinated PVC),Cleaning Product,Jenniferville,Espinozaland
7790.32,PVC-U (unplasticised PVC),Agricultural Product,East Johnton,South Justinhaven
6698.23,C-PVC (chlorinated PVC),Water Tanks,West Joel,Johnsonport
7684.19,Modified PVC,SANITARY PRODUCT,New Katrinaport,Prestonview
9946.66,PVC-O (molecular oriented PVC),SANITARY PRODUCT,New Antonioborough,Smithfurt
5560.53,C-PVC (chlorinated PVC),Agricultural Product,Nelsonview,Donnahaven
5839.27,PVC-U (unplasticised PVC),Industrial Product,Gregoryfort,South Johnside
4565.55,PVC-U (unplasticised PVC),Cleaning Product,New Michaela,Jessicatown
8577.2,PVC-U (unplasticised PVC),Water Tanks,Port Juliehaven,Ashleyland
5132.54,PVC-O (molecular oriented PVC),Agricultural Product,Geraldton,East Cindy
1900.28,Modified PVC,Agricultural Product,New Chloe,New Susantown
3472.97,PVC-O (molecular oriented PVC),SANITARY PRODUCT,South Dana,Port Michellemouth
3200.21,C-PVC (chlorinated PVC),SANITARY PRODUCT,East Maryview,Spencefort
2489.54,Modified PVC,Cleaning Product,Teresashire,Rebeccaside
5174.9,PVC-U (unplasticised PVC),Cleaning Product,Halestad,Port Matthew
6076.12,PVC-U (unplasticised PVC),Agricultural Product,East Candice,Robinport
4356.05,PVC-U (unplasticised PVC),Agricultural Product,Markborough,Gilbertfort
7561.02,PVC-O (molecular oriented PVC),Agricultural Product,Beckerborough,Donaldborough
4789.04,PVC-O (molecular oriented PVC),Plumbing Product,Smithview,Hansonbury
1754.98,PVC-O (molecular oriented PVC),Industrial Product,North Debra,West Lauraburgh
1500.72,PVC-O (molecular oriented PVC),Plumbing Product,Kellerfort,East Jennifer
1119.76,C-PVC (chlorinated PVC),Plumbing Product,South Douglasfort,New Ericland
1020.17,PVC-U (unplasticised PVC),SANITARY PRODUCT,West Christopher,Deannatown
8742.69,Modified PVC,Agricultural Product,East Jeremy,East Alejandro
8736.17,PVC-U (unplasticised PVC),Water Tanks,New Jennifershire,North Lorifurt
8249.37,Modified PVC,Cleaning Product,Aaronmouth,Dodsonberg
3990.54,PVC-O (molecular oriented PVC),Plumbing Product,Port Vanessa,Myersland
1943.36,PVC-O (molecular oriented PVC),SANITARY PRODUCT,Brendaton,Martinezton
2178.59,PVC-U (unplasticised PVC),Water Tanks,New Margaretland,Juliebury
6597.96,C-PVC (chlorinated PVC),Agricultural Product,Port Brittanyville,New Charlesland
7955.91,PVC-U (unplasticised PVC),Cleaning Product,East Morgan,Michaelbury
4082.15,Modified PVC,Agricultural Product,North Danielle,Lake Pamelaport
6805.99,PVC-U (unplasticised PVC),Plumbing Product,Kellyberg,Stephensland
7184.81,PVC-U (unplasticised PVC),SANITARY PRODUCT,West Joshuachester,New James
7050.37,PVC-U (unplasticised PVC),SANITARY PRODUCT,Anthonyton,South Sandraton
7323.95,C-PVC (chlorinated PVC),Plumbing Product,Dominiquebury,Henryburgh
9472.14,Modified PVC,Industrial Product,Lake Jennifer,Amandahaven
7332.4,C-PVC (chlorinated PVC),Industrial Product,West Rhonda,South Troy
1406.77,Modified PVC,Water Tanks,Susanshire,Lake Amandachester
3757.61,Modified PVC,Industrial Product,South Terri,Port Nicholas
1613.36,PVC-O (molecular oriented PVC),Cleaning Product,Cassandratown,Melissaborough
1626.26,PVC-O (molecular oriented PVC),Cleaning Product,North Jill,Petersonhaven
6758.92,Modified PVC,Cleaning Product,Bradleymouth,Haysland
5749.07,C-PVC (chlorinated PVC),Plumbing Product,Port Carolland,Port Michael
6046.96,PVC-O (molecular oriented PVC),SANITARY PRODUCT,South Brandonview,South Angelaton
5874.35,PVC-O (molecular oriented PVC),Industrial Product,Amandaville,Karenfort
1994.8,PVC-O (molecular oriented PVC),Cleaning Product,Anthonytown,East Justinchester
1242.19,Modified PVC,Agricultural Product,Sarahview,Carrollchester
4775.48,C-PVC (chlorinated PVC),Industrial Product,North Amy,Charlesborough
4488.65,Modified PVC,SANITARY PRODUCT,New Valeriechester,Port Crystal
1875.08,PVC-O (molecular oriented PVC),Cleaning Product,Torresberg,Staceymouth
5679.94,C-PVC (chlorinated PVC),Plumbing Product,New Juliemouth,Stevenberg
5752.57,PVC-O (molecular oriented PVC),Cleaning Product,Johnsonfurt,New Barbara
8319.83,PVC-O (molecular oriented PVC),Plumbing Product,Kimberlytown,South Vanessa
9524.12,PVC-U (unplasticised PVC),SANITARY PRODUCT,Gouldburgh,New Sarah
5182.15,C-PVC (chlorinated PVC),Cleaning Product,Bruceview,North Heather
3976.46,Modified PVC,Plumbing Product,Lake Patrickborough,Maryview
9890.36,PVC-O (molecular oriented PVC),SANITARY PRODUCT,North Sandra,West Gregory
8997.96,PVC-U (unplasticised PVC),Water Tanks,Bryantchester,Port Hannahbury
5663.28,C-PVC (chlorinated PVC),Industrial Product,Amandastad,Port Crystal
2624.82,PVC-O (molecular oriented PVC),Plumbing Product,Tylerberg,North Andrew
2919.48,Modified PVC,SANITARY PRODUCT,Rebeccamouth,Mcbrideside
7095.58,PVC-U (unplasticised PVC),Industrial Product,Larsonshire,Davidbury
5648.18,PVC-O (molecular oriented PVC),Water Tanks,Lake Josephville,Port Austinhaven
2669.36,PVC-U (unplasticised PVC),Plumbing Product,West Theresa,North Davidbury
1287.14,C-PVC (chlorinated PVC),Water Tanks,North Codyborough,Gonzalezmouth
8738.59,C-PVC (chlorinated PVC),Plumbing Product,Riveraberg,Davidsonberg
9807.2,C-PVC (chlorinated PVC),Cleaning Product,Carterhaven,North Stephanieville
9151.79,PVC-O (molecular oriented PVC),SANITARY PRODUCT,Vanceport,Chaneyfurt
6261.43,Modified PVC,Water Tanks,Sheriport,Fergusonport
7802.39,C-PVC (chlorinated PVC),Cleaning Product,West Dustinmouth,Ashleyside
1639.19,C-PVC (chlorinated PVC),Water Tanks,Summersborough,Williamshire
1777.15,PVC-U (unplasticised PVC),SANITARY PRODUCT,Estradamouth,East Douglasberg
8995.16,Modified PVC,Agricultural Product,East Donaldmouth,South Vanessa
7611.2,Modified PVC,Water Tanks,East Christinamouth,North Antonio
5003.89,PVC-U (unplasticised PVC),SANITARY PRODUCT,Colleenbury,West Ryanmouth
1270.54,PVC-O (molecular oriented PVC),SANITARY PRODUCT,Brittanyhaven,Jeanettechester
3581.34,Modified PVC,Plumbing Product,Mackside,North Kristinhaven
5325.12,PVC-O (molecular oriented PVC),Industrial Product,Destinyfurt,South Gabrielmouth
5623.49,PVC-U (unplasticised PVC),Industrial Product,Gregoryside,Madisonview
4315.38,C-PVC (chlorinated PVC),Plumbing Product,Gordonmouth,East Rebeccaside
7575.17,C-PVC (chlorinated PVC),Industrial Product,Hamiltonfurt,Gailfort
8747.95,Modified PVC,Plumbing Product,Tiffanychester,West Carolyn
3833.27,PVC-U (unplasticised PVC),SANITARY PRODUCT,Wandastad,West Ericville
7952.96,PVC-O (molecular oriented PVC),Cleaning Product,North Deborahchester,New Alex
6480.56,PVC-O (molecular oriented PVC),Industrial Product,Tateborough,Murrayfort
3857.86,Modified PVC,Cleaning Product,Chadberg,Port Scott
8623.69,PVC-O (molecular oriented PVC),Water Tanks,Woodsside,North Christophermouth
3249.3,PVC-U (unplasticised PVC),Plumbing Product,Port Kellyville,New Sheila
1095.53,Modified PVC,Agricultural Product,Port Bradley,East Sarachester
9115.02,C-PVC (chlorinated PVC),SANITARY PRODUCT,South Courtneytown,East Douglasshire
7359.14,Modified PVC,Industrial Product,Jacksonmouth,Shellyfort
9587.07,C-PVC (chlorinated PVC),Cleaning Product,Port Ray,Fordview
8860.08,C-PVC (chlorinated PVC),SANITARY PRODUCT,North Judy,West Brendan
4220.68,PVC-U (unplasticised PVC),Plumbing Product,Lake Becky,Sarahchester
9814.83,PVC-O (molecular oriented PVC),Cleaning Product,Smithbury,East Sabrina
7680.67,C-PVC (chlorinated PVC),SANITARY PRODUCT,East Patriciatown,Deborahview
9769.18,Modified PVC,Plumbing Product,West Katherine,Port Nicole
9368.32,PVC-U (unplasticised PVC),Plumbing Product,Villachester,Lake Levifurt
7466.25,PVC-U (unplasticised PVC),SANITARY PRODUCT,North Martin,Floresview
8679.64,C-PVC (chlorinated PVC),Cleaning Product,South Eric,Johntown
8558.56,PVC-O (molecular oriented PVC),Plumbing Product,Diazfurt,Cooperstad
7014.39,PVC-O (molecular oriented PVC),Plumbing Product,Wilsonside,Port Robertchester
3703.86,C-PVC (chlorinated PVC),Cleaning Product,Lake Kimberly,Benjaminfurt
3446.22,PVC-O (molecular oriented PVC),Agricultural Product,Steelebury,Stevenland
5027.82,Modified PVC,SANITARY PRODUCT,Johnsonville,Mannmouth
3393.03,Modified PVC,Plumbing Product,South Brandonland,East Josephshire
1977.26,PVC-O (molecular oriented PVC),Industrial Product,West Veronicaport,Hillstad
2431.78,PVC-U (unplasticised PVC),Plumbing Product,Hernandezborough,Christopherhaven
4773.68,C-PVC (chlorinated PVC),Agricultural Product,New Tracy,East Cassandra
5718.72,C-PVC (chlorinated PVC),Cleaning Product,North Annaview,Lake Christopher
6073.2,PVC-O (molecular oriented PVC),Plumbing Product,North Danielhaven,North Jeffrey
9658.87,C-PVC (chlorinated PVC),Cleaning Product,Gentrymouth,Mcintoshtown
5743.83,C-PVC (chlorinated PVC),Plumbing Product,West Allenville,Melissaborough
8583.33,Modified PVC,Agricultural Product,West Carlos,Chelseaberg
3886.12,Modified PVC,Water Tanks,Lorifort,Andersonberg
7531.26,PVC-O (molecular oriented PVC),Agricultural Product,Nicholasburgh,Glennstad
5556.86,PVC-U (unplasticised PVC),Agricultural Product,Lake Cherylmouth,New Kathryntown
8521.08,PVC-O (molecular oriented PVC),SANITARY PRODUCT,Schwartzstad,North Rachel
8143.9,PVC-U (unplasticised PVC),Plumbing Product,Georgechester,New Jasonchester
3093.23,Modified PVC,Agricultural Product,Marshallmouth,Lisabury
6865.14,C-PVC (chlorinated PVC),SANITARY PRODUCT,Brownshire,Cruzfort
1288.76,Modified PVC,Cleaning Product,Richardsonfort,Youngborough
7679.71,PVC-U (unplasticised PVC),Plumbing Product,North Carlberg,East Noah
4741.91,Modified PVC,SANITARY PRODUCT,West Kellyburgh,Lake Alexismouth
6868.12,Modified PVC,Cleaning Product,Thompsonberg,Cassandrabury
5745.14,Modified PVC,Plumbing Product,Kaylafurt,Peggyburgh
6471.81,C-PVC (chlorinated PVC),Cleaning Product,Port Bryan,Lindseyburgh
5554.61,PVC-U (unplasticised PVC),Plumbing Product,East Carlos,Brittanyland
5785.42,C-PVC (chlorinated PVC),Industrial Product,Alvaradoside,Lake Lindseyberg
8259.06,PVC-O (molecular oriented PVC),Water Tanks,Annaview,Phillipmouth
1486.46,PVC-U (unplasticised PVC),SANITARY PRODUCT,North Cindy,Port Wendychester
9307.55,Modified PVC,Industrial Product,West Jonathan,North Connorshire
9924.21,C-PVC (chlorinated PVC),Cleaning Product,Juanmouth,East Wendymouth
4321.99,C-PVC (chlorinated PVC),SANITARY PRODUCT,Port Codymouth,Lamberttown
3797.96,PVC-O (molecular oriented PVC),Agricultural Product,New Tamara,Caitlinton
7152.12,PVC-O (molecular oriented PVC),Water Tanks,Wiseberg,Browntown
7040.27,PVC-O (molecular oriented PVC),Cleaning Product,Port Kara,West Brianside
2405.39,C-PVC (chlorinated PVC),Agricultural Product,North George,North Jason
9466.21,Modified PVC,SANITARY PRODUCT,East Jonshire,East Tonya
7576.97,PVC-U (unplasticised PVC),Industrial Product,West Lisaberg,South Sylvialand
3219.42,C-PVC (chlorinated PVC),Agricultural Product,Lake Michaelhaven,Lake Renee
1566.18,PVC-U (unplasticised PVC),Plumbing Product,Gilberthaven,Oliviaport
5795.81,PVC-O (molecular oriented PVC),Plumbing Product,Paulhaven,West James
3070.51,Modified PVC,Cleaning Product,West Monicahaven,Port Kevinberg
7389.2,PVC-U (unplasticised PVC),Plumbing Product,Port Amandahaven,Timothyberg
5909.14,C-PVC (chlorinated PVC),Cleaning Product,Hernandezburgh,Rhondaborough
4840.35,PVC-U (unplasticised PVC),Agricultural Product,Lake Steven,New Thomas
7898.43,C-PVC (chlorinated PVC),Plumbing Product,Meredithberg,South Alicialand
9036.81,PVC-U (unplasticised PVC),Water Tanks,Castrohaven,New Sarah
6230.49,Modified PVC,Cleaning Product,South Stacy,North Charlesside
1320.62,PVC-U (unplasticised PVC),Industrial Product,Reyesstad,West Ryan
3107.01,PVC-U (unplasticised PVC),Industrial Product,South Kimberlyborough,South Lauriestad
2211.2,PVC-O (molecular oriented PVC),Cleaning Product,Jacobburgh,Jameshaven
5083.46,PVC-U (unplasticised PVC),Water Tanks,Nathanville,West Johnport
6185.47,PVC-O (molecular oriented PVC),Water Tanks,East Ericville,Dianastad
6337.93,Modified PVC,SANITARY PRODUCT,Port Jasminemouth,West Douglasfurt
2912.72,C-PVC (chlorinated PVC),Water Tanks,Taylorberg,Monicaborough
5506.01,C-PVC (chlorinated PVC),Cleaning Product,North Meredithmouth,Bennettberg
1859.51,PVC-U (unplasticised PVC),Plumbing Product,Grayview,Joseburgh
2793.61,C-PVC (chlorinated PVC),Water Tanks,South Shannonville,Kennedyshire
9508.88,PVC-U (unplasticised PVC),Plumbing Product,South Katherine,Anthonyview
7323.53,PVC-O (molecular oriented PVC),Industrial Product,Shannonville,South Allenberg
2470.16,C-PVC (chlorinated PVC),SANITARY PRODUCT,Williamstad,Nicoleton
7007.45,PVC-U (unplasticised PVC),Cleaning Product,East Brandi,West Cynthiamouth
5342.18,PVC-O (molecular oriented PVC),Industrial Product,Matthewborough,Robbinsville
1099.62,PVC-U (unplasticised PVC),Industrial Product,South Zachary,North Roberto
5963.55,PVC-U (unplasticised PVC),Cleaning Product,West Michelemouth,Millershire
3721.89,Modified PVC,Industrial Product,North Jordan,North Edward
1353.96,PVC-U (unplasticised PVC),Industrial Product,West Michaelland,West Brittanyton
6508.45,C-PVC (chlorinated PVC),SANITARY PRODUCT,East Amberview,South Tracymouth
4015.32,PVC-O (molecular oriented PVC),Water Tanks,Davidberg,Evansshire
8169.33,C-PVC (chlorinated PVC),Plumbing Product,Jacquelinestad,West Jeffreyfurt
8315.2,C-PVC (chlorinated PVC),Cleaning Product,Vincentton,Matthewview
3145.41,PVC-O (molecular oriented PVC),Industrial Product,Jonesland,North Margaret
3099.48,Modified PVC,Agricultural Product,Choiport,Josephshire
2570.43,C-PVC (chlorinated PVC),Industrial Product,Ritterfurt,Jamesfort
4530.44,C-PVC (chlorinated PVC),Cleaning Product,Alexanderborough,Rileymouth
7430.08,Modified PVC,Water Tanks,Burnsberg,West Ericburgh
2996.14,PVC-U (unplasticised PVC),SANITARY PRODUCT,Danaside,Deannastad
8342.7,Modified PVC,Plumbing Product,Amyfurt,Christopherborough
3867.61,PVC-U (unplasticised PVC),Plumbing Product,Ballardmouth,North Richard
3154.84,C-PVC (chlorinated PVC),Agricultural Product,New Brittneymouth,Port Eric
4796.59,Modified PVC,Water Tanks,Tashafurt,Andrewberg
9597.62,C-PVC (chlorinated PVC),Water Tanks,North Lindseystad,Whiteside
4444.79,C-PVC (chlorinated PVC),Water Tanks,Lake Kevin,Michaelchester
3571.93,PVC-O (molecular oriented PVC),Agricultural Product,Port Janice,North Nicoleburgh
7302.05,PVC-O (molecular oriented PVC),Water Tanks,Emilymouth,Port Teresa
1534.38,PVC-U (unplasticised PVC),SANITARY PRODUCT,North Cathy,Lake Ronald
4404.72,Modified PVC,Industrial Product,Lake Wayne,New Melissachester
3849.15,PVC-O (molecular oriented PVC),Water Tanks,Christinamouth,Cochranmouth
4191.03,PVC-U (unplasticised PVC),Water Tanks,New Jodistad,Andreaton
4841.87,Modified PVC,SANITARY PRODUCT,South Debraside,Johnton
5483.94,PVC-U (unplasticised PVC),Industrial Product,Hunterfurt,North Lancefort
3113.84,PVC-U (unplasticised PVC),Water Tanks,South Michelle,Brandonborough
2742.59,Modified PVC,Plumbing Product,Comptonborough,North Jeanne
1504.84,PVC-O (molecular oriented PVC),SANITARY PRODUCT,Gregoryview,Port Amber
8976.99,PVC-U (unplasticised PVC),Industrial Product,North Jose,Davidland
3770.27,Modified PVC,Water Tanks,Karaton,Port Russell
4525.55,C-PVC (chlorinated PVC),Plumbing Product,New Mario,South Harry
3362.8,PVC-O (molecular oriented PVC),Cleaning Product,East Tinaside,West Sean
4425.57,PVC-U (unplasticised PVC),SANITARY PRODUCT,Campbellport,South Brittanytown
4096.86,Modified PVC,Plumbing Product,East Andrea,Dennistown
9263.26,PVC-U (unplasticised PVC),Water Tanks,Jacobsmouth,Amandastad
8340.33,PVC-O (molecular oriented PVC),Agricultural Product,Bettyshire,West Calvin
9810.09,C-PVC (chlorinated PVC),Industrial Product,West Conniebury,Nancyhaven
2004.52,Modified PVC,Water Tanks,Williamsshire,Dawnfurt
4717.26,PVC-U (unplasticised PVC),SANITARY PRODUCT,Smithbury,West Alyssa
7777.19,C-PVC (chlorinated PVC),SANITARY PRODUCT,Lake Matthew,Gomezton
7364.95,PVC-U (unplasticised PVC),Plumbing Product,Jamiehaven,North Richardbury
9439.05,Modified PVC,Plumbing Product,Aaronhaven,West Patricia
8537.41,C-PVC (chlorinated PVC),Agricultural Product,Charlestown,Riveratown
7264.4,Modified PVC,Industrial Product,Jamesmouth,Patrickborough
5619.03,PVC-O (molecular oriented PVC),SANITARY PRODUCT,Paulton,Lake Michaelhaven
1139.45,PVC-O (molecular oriented PVC),Agricultural Product,Jonathanville,Lindaberg
2530.35,Modified PVC,Water Tanks,Johnsonfurt,New Derekfort
5782.68,Modified PVC,Water Tanks,Jeremyberg,East Maxwellfort
1177.45,PVC-U (unplasticised PVC),Plumbing Product,Gallagherview,Sharpmouth
2068.14,PVC-U (unplasticised PVC),SANITARY PRODUCT,Johnstad,Jamesborough
4437.26,PVC-U (unplasticised PVC),Industrial Product,New Marissa,South Sean
8839.37,Modified PVC,Plumbing Product,Lake Steven,Singletonfort
8812.84,C-PVC (chlorinated PVC),Industrial Product,Flemingshire,South Gregorymouth
9375.6,PVC-U (unplasticised PVC),Industrial Product,North Christine,South Danielton
8159.13,PVC-O (molecular oriented PVC),Agricultural Product,Georgeberg,West Zacharymouth
9473.75,PVC-O (molecular oriented PVC),Industrial Product,Port Michaelside,North Elizabeth
1796.01,PVC-O (molecular oriented PVC),SANITARY PRODUCT,Valerieshire,Lake Nicholasland
5240.96,PVC-O (molecular oriented PVC),Water Tanks,North Stanley,North Daniel
5852.39,Modified PVC,SANITARY PRODUCT,New Bobbymouth,East Douglas
6966.28,Modified PVC,Cleaning Product,Michaelstad,Brownchester
7909.83,PVC-U (unplasticised PVC),SANITARY PRODUCT,South Bobby,West Michellefurt
8544.15,C-PVC (chlorinated PVC),Industrial Product,South James,Hernandezberg
6455.64,PVC-U (unplasticised PVC),SANITARY PRODUCT,Wallerburgh,Port Julia
2045.42,Modified PVC,Cleaning Product,New Josephmouth,New Sandra
6063.62,PVC-U (unplasticised PVC),SANITARY PRODUCT,Kellyfurt,North Cynthia
8666.54,PVC-O (molecular oriented PVC),Industrial Product,Laneville,Currystad
2504.81,PVC-O (molecular oriented PVC),SANITARY PRODUCT,Floresmouth,Lake Bonnieview
6216.17,C-PVC (chlorinated PVC),Water Tanks,Fergusonburgh,Sharpmouth
2333.43,C-PVC (chlorinated PVC),Plumbing Product,Matthewville,Saundersside
5643.75,PVC-U (unplasticised PVC),Agricultural Product,Cherylside,Courtneytown
3367.07,PVC-U (unplasticised PVC),Plumbing Product,North Jacob,Morganborough
1443.07,Modified PVC,SANITARY PRODUCT,South Doriston,New Petertown
2604.32,PVC-U (unplasticised PVC),Agricultural Product,Sandrafort,Ronaldstad
3300.28,Modified PVC,Water Tanks,Rodrigueztown,Port Mary
5394.88,PVC-U (unplasticised PVC),Cleaning Product,Pittmanhaven,Martinport
8033.77,PVC-U (unplasticised PVC),Water Tanks,West Isabellamouth,North Davidview
2814.76,C-PVC (chlorinated PVC),Plumbing Product,Cooperhaven,South Josephburgh
9386.66,Modified PVC,Plumbing Product,Kaylaberg,Port William
1604.76,PVC-O (molecular oriented PVC),Cleaning Product,New Jessica,Mccarthyhaven
6230.85,PVC-O (molecular oriented PVC),Cleaning Product,Hartshire,West Katherine
2571.97,PVC-O (molecular oriented PVC),SANITARY PRODUCT,Lake Mariaborough,Carlhaven
6870.74,C-PVC (chlorinated PVC),SANITARY PRODUCT,East Marissastad,Taylorland
7464.08,PVC-U (unplasticised PVC),Water Tanks,Jamesbury,Wilsonberg
8389.62,PVC-O (molecular oriented PVC),Agricultural Product,North Oliviamouth,Lake Ronald
8821.38,PVC-O (molecular oriented PVC),Cleaning Product,South Pamela,Lake David
4150.7,Modified PVC,Plumbing Product,Raymondmouth,Kellerport
8006.79,C-PVC (chlorinated PVC),SANITARY PRODUCT,North Jasonton,Lopezbury
7311.05,PVC-O (molecular oriented PVC),Plumbing Product,Elizabethborough,Peterborough
5580.07,PVC-O (molecular oriented PVC),Cleaning Product,Julieberg,South Heather
4389.27,PVC-O (molecular oriented PVC),Plumbing Product,West Don,Feliciaburgh
9280.55,PVC-O (molecular oriented PVC),Industrial Product,New Shannon,East Jamesmouth
8516.85,PVC-U (unplasticised PVC),Plumbing Product,Lake Connieland,Gonzalesshire
2323.44,Modified PVC,Water Tanks,Port Willie,Nashside
7778.93,PVC-U (unplasticised PVC),Water Tanks,Gentrytown,North Benjamin
7847.78,PVC-U (unplasticised PVC),Cleaning Product,Ayalahaven,Port Kayla
4415.34,PVC-O (molecular oriented PVC),SANITARY PRODUCT,North Stephen,North Henry
6999.51,PVC-U (unplasticised PVC),Industrial Product,Webbton,Jasonside
2424.55,Modified PVC,Plumbing Product,Lake Patricia,South Thomasmouth
8355.89,PVC-U (unplasticised PVC),Plumbing Product,Debraland,Lopezton
3137.08,PVC-U (unplasticised PVC),Industrial Product,Millerbury,Port Mitchell
2113.16,Modified PVC,Agricultural Product,Port Kayla,Paulbury
2912.09,PVC-O (molecular oriented PVC),Cleaning Product,Greenmouth,Lake Nathanmouth
9346.34,Modified PVC,Agricultural Product,New Justin,Jamesland
9318.38,Modified PVC,Plumbing Product,New Mary,West Kimberly
8888.05,C-PVC (chlorinated PVC),SANITARY PRODUCT,North Tina,New Brenda
9581.68,PVC-O (molecular oriented PVC),SANITARY PRODUCT,Loriview,Michaelshire
5375.77,Modified PVC,Water Tanks,West Laura,Figueroabury
5298.13,PVC-O (molecular oriented PVC),Cleaning Product,East Cynthia,Ethanburgh
9375.44,PVC-O (molecular oriented PVC),SANITARY PRODUCT,East Abigailmouth,West Dennis
3623.24,Modified PVC,Agricultural Product,North Julie,Carolinestad
8726.45,Modified PVC,Agricultural Product,Blanchardside,Port Kyle
1545.44,C-PVC (chlorinated PVC),Plumbing Product,Berryside,Gonzalezville
8260.43,PVC-U (unplasticised PVC),SANITARY PRODUCT,Mccartybury,New Douglas
8067.65,C-PVC (chlorinated PVC),Industrial Product,Michaelmouth,Lake Curtistown
1758.45,Modified PVC,Water Tanks,New Lindsey,Williamsstad
3020.98,PVC-U (unplasticised PVC),Water Tanks,Mullinsport,Warrenbury
6760.68,PVC-O (molecular oriented PVC),SANITARY PRODUCT,North Randall,East Mirandatown
9938.93,PVC-U (unplasticised PVC),Water Tanks,Lake Tammiemouth,North Jeffrey
9134.21,Modified PVC,Water Tanks,Port Jeffreyhaven,Justinshire
5545.09,C-PVC (chlorinated PVC),Water Tanks,Connieland,Gonzalesland
5753.71,C-PVC (chlorinated PVC),Water Tanks,South Sarahburgh,Amyville
9425.57,PVC-U (unplasticised PVC),Plumbing Product,Erintown,Brooksview
2686.11,Modified PVC,SANITARY PRODUCT,East Misty,Charlottestad
9285.43,Modified PVC,Industrial Product,Angelatown,Lake Tiffany
9472.24,Modified PVC,Cleaning Product,Scottville,East Mercedes
8435.16,PVC-U (unplasticised PVC),Plumbing Product,Brittanyberg,South Maryfurt
5633.55,Modified PVC,Plumbing Product,Williamsville,South Tiffanyland
2651.33,C-PVC (chlorinated PVC),Water Tanks,Cynthiaside,West Jamesfurt
7460.67,PVC-O (molecular oriented PVC),Plumbing Product,Garciafurt,Lake Sandy
3892.5,Modified PVC,Agricultural Product,Myershaven,Port Matthew
2675.4,Modified PVC,Plumbing Product,Bishopville,Michelleside
3139.69,PVC-U (unplasticised PVC),Industrial Product,East Thomas,Herrerafurt
5375.86,PVC-O (molecular oriented PVC),Water Tanks,Port Rachelville,West Benjaminton
2242.66,PVC-U (unplasticised PVC),Plumbing Product,Travisstad,Monroeport
6198.05,PVC-U (unplasticised PVC),Industrial Product,Tonyachester,South Amandachester
4174.7,C-PVC (chlorinated PVC),Plumbing Product,Port Scott,Westshire
1502.68,Modified PVC,Plumbing Product,Kristenhaven,Rogermouth
2516.9,C-PVC (chlorinated PVC),Industrial Product,East Stevenhaven,New Stephaniehaven
8160.71,PVC-U (unplasticised PVC),Water Tanks,New Elizabeth,Ernestborough
6895.04,Modified PVC,Agricultural Product,Claytonport,New Stephanietown
4242.29,PVC-U (unplasticised PVC),Cleaning Product,Lake Kaylastad,Gatesland
4026.96,C-PVC (chlorinated PVC),Plumbing Product,Port Laura,East Catherineborough
6348.54,PVC-U (unplasticised PVC),SANITARY PRODUCT,South Stephaniechester,New Lisaview
9521.09,Modified PVC,Industrial Product,Johnsonmouth,Port Joseph
9119.05,Modified PVC,Industrial Product,Lauraville,North Mitchellmouth
7361.93,C-PVC (chlorinated PVC),Industrial Product,North Jo,North Jeffreymouth
4152.68,Modified PVC,Agricultural Product,Lake Marissa,Josephhaven
4608.77,Modified PVC,Industrial Product,West Donna,East Kathrynland
3953.19,PVC-O (molecular oriented PVC),Agricultural Product,Davidside,New Heatherview
2544.49,C-PVC (chlorinated PVC),Agricultural Product,North Dalton,West Julie
2757.28,PVC-U (unplasticised PVC),SANITARY PRODUCT,Mccoyburgh,East Christown
9878.31,C-PVC (chlorinated PVC),Industrial Product,Gibbston,Port David
9110.63,Modified PVC,Agricultural Product,Pamelafort,Harrisonland
1579.35,PVC-O (molecular oriented PVC),Agricultural Product,West Brettmouth,Darrenport
3670.01,C-PVC (chlorinated PVC),Agricultural Product,Jamesfort,Vangport
8624.73,PVC-O (molecular oriented PVC),Water Tanks,New Catherine,Brianburgh
7702.74,PVC-O (molecular oriented PVC),Water Tanks,Bryantfurt,Cunninghamton
2886.37,PVC-O (molecular oriented PVC),Water Tanks,Greenside,Christopherchester
5270.93,PVC-U (unplasticised PVC),Cleaning Product,Nathanland,Lake Tiffanychester
6444.67,PVC-U (unplasticised PVC),SANITARY PRODUCT,Lake Ashleyfort,Megantown
2284.86,PVC-O (molecular oriented PVC),Cleaning Product,Barbaramouth,Duncanside
6689.19,C-PVC (chlorinated PVC),Water Tanks,Alexanderview,Lake Amanda
4997.77,PVC-O (molecular oriented PVC),Agricultural Product,West Ashley,Lake Troy
2321.3,C-PVC (chlorinated PVC),Plumbing Product,Mcdonaldchester,Kaufmanbury
3851.74,Modified PVC,SANITARY PRODUCT,East Jonathanberg,East Benjamin
2306.49,C-PVC (chlorinated PVC),Plumbing Product,Port Seth,Williamsland
3387.83,Modified PVC,Plumbing Product,East Jessica,New Kelly
5865.8,PVC-U (unplasticised PVC),Water Tanks,New Danielshire,Christophermouth
1675.91,PVC-O (molecular oriented PVC),Agricultural Product,Hicksberg,Jillianton
1504.46,PVC-U (unplasticised PVC),Water Tanks,East Michelle,Bryantown
5619.82,Modified PVC,Water Tanks,Jamesmouth,Lake Lori
9262.97,PVC-U (unplasticised PVC),Cleaning Product,West Charles,East Lawrence
3886.4,C-PVC (chlorinated PVC),Water Tanks,Fieldsborough,New Doriston
2251.57,Modified PVC,Cleaning Product,Laneton,Port Michelleshire
3057.95,C-PVC (chlorinated PVC),Industrial Product,Lake Dana,Farmerview
6787.08,C-PVC (chlorinated PVC),Plumbing Product,Riveraberg,Kimberlyborough
9331.44,Modified PVC,Industrial Product,Lake Christianville,East Sarah
1068.25,C-PVC (chlorinated PVC),SANITARY PRODUCT,Austinfurt,New Haydenport
3949.0,PVC-O (molecular oriented PVC),SANITARY PRODUCT,West Deborahshire,East Mariaberg
7908.04,C-PVC (chlorinated PVC),Plumbing Product,Port Wanda,Kevinshire
2232.1,PVC-O (molecular oriented PVC),Water Tanks,South Darylland,Johnstontown
7333.24,PVC-O (molecular oriented PVC),SANITARY PRODUCT,North Brady,Port Anita
3580.12,PVC-O (molecular oriented PVC),Water Tanks,Lake Eric,Justinside
1319.43,Modified PVC,SANITARY PRODUCT,Melissaland,Port Dawnview
1098.97,PVC-O (molecular oriented PVC),Agricultural Product,New Josephstad,North Linda
9017.94,PVC-U (unplasticised PVC),Agricultural Product,South Mirandamouth,Rubioport
5850.57,PVC-U (unplasticised PVC),Industrial Product,Lake Cynthia,Port Aaron
9073.97,PVC-O (molecular oriented PVC),Water Tanks,East Christinemouth,Lake Brandon
8602.92,Modified PVC,SANITARY PRODUCT,Port Kathrynmouth,Nortontown
7908.63,PVC-U (unplasticised PVC),Agricultural Product,East Matthewberg,South Paula
9714.66,PVC-O (molecular oriented PVC),Plumbing Product,Ambermouth,North Abigailshire
5838.26,Modified PVC,Water Tanks,West Aprilberg,New Andrea
5051.82,Modified PVC,Industrial Product,Yvonneside,Michaelbury
7585.1,C-PVC (chlorinated PVC),Plumbing Product,West Peter,Gilbertburgh
6661.99,Modified PVC,Industrial Product,West Yolanda,Brooksberg
7812.32,PVC-U (unplasticised PVC),Water Tanks,Cooperhaven,Lake Scott
3265.12,Modified PVC,Water Tanks,Lake Michelle,Christopherchester
5220.66,PVC-U (unplasticised PVC),Industrial Product,Harringtonmouth,Shawnborough
3004.04,C-PVC (chlorinated PVC),SANITARY PRODUCT,Lopezfurt,Caldwelltown
2700.62,PVC-U (unplasticised PVC),Industrial Product,North Robin,Sullivanland
4783.24,C-PVC (chlorinated PVC),Plumbing Product,North Jeffrey,New Edward
5079.08,PVC-O (molecular oriented PVC),Cleaning Product,North Amanda,Melissaside
5518.47,Modified PVC,Water Tanks,Sanchezburgh,New Brucemouth
4691.04,Modified PVC,Cleaning Product,West Alyssaport,West Deannafort
8702.9,Modified PVC,SANITARY PRODUCT,Jamesside,New Garyberg
3719.66,C-PVC (chlorinated PVC),Cleaning Product,Lake Christopher,Port Deannaland
7437.83,PVC-U (unplasticised PVC),Water Tanks,East Claytonchester,Jacobmouth
7297.52,Modified PVC,Agricultural Product,Lake Michaelside,Rogersview
1324.88,PVC-U (unplasticised PVC),Cleaning Product,South Dustinport,Riggsville
3160.43,C-PVC (chlorinated PVC),Agricultural Product,Walshmouth,North Daniellehaven
4139.28,Modified PVC,Agricultural Product,Jamesview,Parkerside
1126.69,PVC-U (unplasticised PVC),Water Tanks,Johnsonshire,New Timothyville
5971.99,PVC-O (molecular oriented PVC),SANITARY PRODUCT,West Nancy,Williamsfort
6547.11,PVC-U (unplasticised PVC),Agricultural Product,West Melissaside,Stevenshire
7099.39,C-PVC (chlorinated PVC),Industrial Product,Riosview,South Lindsayport
5424.65,Modified PVC,Cleaning Product,Biancashire,East Traceymouth
1968.4,Modified PVC,SANITARY PRODUCT,Kellyborough,Amandaview
8562.5,PVC-U (unplasticised PVC),Industrial Product,Deannafurt,West Jennifer
3765.33,PVC-O (molecular oriented PVC),Agricultural Product,West Jeffreyside,Janetton
9994.62,C-PVC (chlorinated PVC),Plumbing Product,East Craigton,Nancyton
3712.61,PVC-O (molecular oriented PVC),Agricultural Product,Lake Dawnside,Kevinbury
9301.57,Modified PVC,Plumbing Product,Port Charlesville,East Adamchester
1747.11,PVC-O (molecular oriented PVC),Industrial Product,East Johnnymouth,South Susanmouth
5300.76,C-PVC (chlorinated PVC),Cleaning Product,Scottville,South Mike
3531.83,Modified PVC,Cleaning Product,Thorntonport,South Brianfurt
5017.58,Modified PVC,Water Tanks,Lake Patricialand,Lake Alicia
9358.08,C-PVC (chlorinated PVC),Water Tanks,Williamsside,Lake Rickychester
2624.59,PVC-U (unplasticised PVC),Industrial Product,Lynchside,Marquezview
9416.45,PVC-O (molecular oriented PVC),Industrial Product,Morganhaven,Frenchborough
3062.69,Modified PVC,SANITARY PRODUCT,North Jennifer,Dixonville
8233.86,PVC-O (molecular oriented PVC),Industrial Product,Leemouth,Jeremiahstad
3659.94,PVC-O (molecular oriented PVC),Water Tanks,Tranfurt,North Nathanielton
3727.8,Modified PVC,Cleaning Product,East Adam,North Kristatown
1350.5,PVC-U (unplasticised PVC),Cleaning Product,Kristenview,Kelseyton
